{"/lessons/lesson1-awsml-overview":"https://noahgift.github.io/aws-ml-guide/lessons/Lesson1_AWSML_Overview.html","/lessons/lesson2-awsml-data-engineering":"https://noahgift.github.io/aws-ml-guide/lessons/Lesson2_AWSML_Data_Engineering.html","/lessons/lesson3-awsml-exploratory-data-analysis":"https://noahgift.github.io/aws-ml-guide/lessons/Lesson3_AWSML_Exploratory_Data_Analysis.html","/lessons/lesson4-awsml-modeling":"https://noahgift.github.io/aws-ml-guide/lessons/Lesson4_AWSML_Modeling.html","/lessons/lesson5-awsml-operationalization":"https://noahgift.github.io/aws-ml-guide/lessons/Lesson5_AWSML_Operationalization.html","/lessons/lesson6-awsml-production-ml-app":"https://noahgift.github.io/aws-ml-guide/lessons/Lesson6_AWSML_Production_ML_App.html","/lessons/lesson7-awsml-case-studies":"https://noahgift.github.io/aws-ml-guide/lessons/Lesson7_AWSML_Case_Studies.html"}